<?xml version="1.0" encoding="UTF-8"?>
<GenRun Id="synth_1" LaunchPart="xc7a35tcpg236-1" LaunchTime="1747894025">
  <File Type="REPORTS-TCL" Name="OTTER_Wrapper_reports.tcl"/>
  <File Type="RDS-UTIL" Name="OTTER_Wrapper_utilization_synth.rpt"/>
  <File Type="RDS-UTIL-PB" Name="OTTER_Wrapper_utilization_synth.pb"/>
  <File Type="PA-TCL" Name="OTTER_Wrapper.tcl"/>
  <File Type="RDS-RDS" Name="OTTER_Wrapper.vds"/>
  <File Type="RDS-DCP" Name="OTTER_Wrapper.dcp"/>
  <FileSet Name="sources" Type="DesignSrcs" RelSrcDir="$PSRCDIR/sources_1" RelGenDir="$PGENDIR/sources_1">
    <Filter Type="Srcs"/>
    <File Path="$PSRCDIR/sources_1/imports/CPE333_Lab3_Pipeline_basic/ALU.sv">
      <FileInfo>
        <Attr Name="ImportPath" Val="$PPRDIR/../../CPE333_Lab3_Pipeline_basic/CPE333_Lab3_Pipeline_basic/Pipeline_Basic/Pipeline_Basic.srcs/sources_1/imports/CPE333_Lab3_Pipeline_basic/ALU.sv"/>
        <Attr Name="ImportTime" Val="1747720488"/>
        <Attr Name="UsedIn" Val="synthesis"/>
        <Attr Name="UsedIn" Val="implementation"/>
        <Attr Name="UsedIn" Val="simulation"/>
      </FileInfo>
    </File>
    <File Path="$PSRCDIR/sources_1/imports/CPE333_Lab3_Pipeline_basic/BAG.sv">
      <FileInfo>
        <Attr Name="ImportPath" Val="$PPRDIR/../../CPE333_Lab3_Pipeline_basic/CPE333_Lab3_Pipeline_basic/Pipeline_Basic/Pipeline_Basic.srcs/sources_1/imports/CPE333_Lab3_Pipeline_basic/BAG.sv"/>
        <Attr Name="ImportTime" Val="1747720488"/>
        <Attr Name="UsedIn" Val="synthesis"/>
        <Attr Name="UsedIn" Val="implementation"/>
        <Attr Name="UsedIn" Val="simulation"/>
      </FileInfo>
    </File>
    <File Path="$PSRCDIR/sources_1/imports/CPE333_Lab3_Pipeline_basic/BCD.sv">
      <FileInfo>
        <Attr Name="ImportPath" Val="$PPRDIR/../../CPE333_Lab3_Pipeline_basic/CPE333_Lab3_Pipeline_basic/Pipeline_Basic/Pipeline_Basic.srcs/sources_1/imports/CPE333_Lab3_Pipeline_basic/BCD.sv"/>
        <Attr Name="ImportTime" Val="1747720488"/>
        <Attr Name="UsedIn" Val="synthesis"/>
        <Attr Name="UsedIn" Val="implementation"/>
        <Attr Name="UsedIn" Val="simulation"/>
      </FileInfo>
    </File>
    <File Path="$PSRCDIR/sources_1/imports/CPE333_Lab3_Pipeline_basic/BCG.sv">
      <FileInfo>
        <Attr Name="ImportPath" Val="$PPRDIR/../../CPE333_Lab3_Pipeline_basic/CPE333_Lab3_Pipeline_basic/Pipeline_Basic/Pipeline_Basic.srcs/sources_1/imports/CPE333_Lab3_Pipeline_basic/BCG.sv"/>
        <Attr Name="ImportTime" Val="1747720488"/>
        <Attr Name="UsedIn" Val="synthesis"/>
        <Attr Name="UsedIn" Val="implementation"/>
        <Attr Name="UsedIn" Val="simulation"/>
      </FileInfo>
    </File>
    <File Path="$PSRCDIR/sources_1/imports/CPE333_Lab3_Pipeline_basic/CU_DCDR.sv">
      <FileInfo>
        <Attr Name="ImportPath" Val="$PPRDIR/../../CPE333_Lab3_Pipeline_basic/CPE333_Lab3_Pipeline_basic/Pipeline_Basic/Pipeline_Basic.srcs/sources_1/imports/CPE333_Lab3_Pipeline_basic/CU_DCDR.sv"/>
        <Attr Name="ImportTime" Val="1747720488"/>
        <Attr Name="UsedIn" Val="synthesis"/>
        <Attr Name="UsedIn" Val="implementation"/>
        <Attr Name="UsedIn" Val="simulation"/>
      </FileInfo>
    </File>
    <File Path="$PSRCDIR/sources_1/imports/CPE333_Lab3_Pipeline_basic/CathodeDriver.sv">
      <FileInfo>
        <Attr Name="ImportPath" Val="$PPRDIR/../../CPE333_Lab3_Pipeline_basic/CPE333_Lab3_Pipeline_basic/Pipeline_Basic/Pipeline_Basic.srcs/sources_1/imports/CPE333_Lab3_Pipeline_basic/CathodeDriver.sv"/>
        <Attr Name="ImportTime" Val="1747720488"/>
        <Attr Name="UsedIn" Val="synthesis"/>
        <Attr Name="UsedIn" Val="implementation"/>
        <Attr Name="UsedIn" Val="simulation"/>
      </FileInfo>
    </File>
    <File Path="$PSRCDIR/sources_1/imports/CPE333_Lab3_Pipeline_basic/FourMux.sv">
      <FileInfo>
        <Attr Name="ImportPath" Val="$PPRDIR/../../CPE333_Lab3_Pipeline_basic/CPE333_Lab3_Pipeline_basic/Pipeline_Basic/Pipeline_Basic.srcs/sources_1/imports/CPE333_Lab3_Pipeline_basic/FourMux.sv"/>
        <Attr Name="ImportTime" Val="1747720488"/>
        <Attr Name="UsedIn" Val="synthesis"/>
        <Attr Name="UsedIn" Val="implementation"/>
        <Attr Name="UsedIn" Val="simulation"/>
      </FileInfo>
    </File>
    <File Path="$PSRCDIR/sources_1/new/Hazard_Unit.sv">
      <FileInfo>
        <Attr Name="ImportPath" Val="$PPRDIR/../CPE333_Lab4_Pipeline_Hazards.srcs/sources_1/new/Hazard_Unit.sv"/>
        <Attr Name="ImportTime" Val="1747770914"/>
        <Attr Name="UsedIn" Val="synthesis"/>
        <Attr Name="UsedIn" Val="implementation"/>
        <Attr Name="UsedIn" Val="simulation"/>
      </FileInfo>
    </File>
    <File Path="$PSRCDIR/sources_1/imports/CPE333_Lab3_Pipeline_basic/ImmediateGenerator.sv">
      <FileInfo>
        <Attr Name="ImportPath" Val="$PPRDIR/../../CPE333_Lab3_Pipeline_basic/CPE333_Lab3_Pipeline_basic/Pipeline_Basic/Pipeline_Basic.srcs/sources_1/imports/CPE333_Lab3_Pipeline_basic/ImmediateGenerator.sv"/>
        <Attr Name="ImportTime" Val="1747720488"/>
        <Attr Name="UsedIn" Val="synthesis"/>
        <Attr Name="UsedIn" Val="implementation"/>
        <Attr Name="UsedIn" Val="simulation"/>
      </FileInfo>
    </File>
    <File Path="$PSRCDIR/sources_1/imports/CPE333_Lab3_Pipeline_basic/PC.sv">
      <FileInfo>
        <Attr Name="ImportPath" Val="$PPRDIR/../../CPE333_Lab3_Pipeline_basic/CPE333_Lab3_Pipeline_basic/Pipeline_Basic/Pipeline_Basic.srcs/sources_1/imports/CPE333_Lab3_Pipeline_basic/PC.sv"/>
        <Attr Name="ImportTime" Val="1747720488"/>
        <Attr Name="UsedIn" Val="synthesis"/>
        <Attr Name="UsedIn" Val="implementation"/>
        <Attr Name="UsedIn" Val="simulation"/>
      </FileInfo>
    </File>
    <File Path="$PSRCDIR/sources_1/imports/CPE333_Lab3_Pipeline_basic/PC_MUX.sv">
      <FileInfo>
        <Attr Name="ImportPath" Val="$PPRDIR/../../CPE333_Lab3_Pipeline_basic/CPE333_Lab3_Pipeline_basic/Pipeline_Basic/Pipeline_Basic.srcs/sources_1/imports/CPE333_Lab3_Pipeline_basic/PC_MUX.sv"/>
        <Attr Name="ImportTime" Val="1747720488"/>
        <Attr Name="UsedIn" Val="synthesis"/>
        <Attr Name="UsedIn" Val="implementation"/>
        <Attr Name="UsedIn" Val="simulation"/>
      </FileInfo>
    </File>
    <File Path="$PSRCDIR/sources_1/imports/CPE333_Lab3_Pipeline_basic/PC_REG.sv">
      <FileInfo>
        <Attr Name="ImportPath" Val="$PPRDIR/../../CPE333_Lab3_Pipeline_basic/CPE333_Lab3_Pipeline_basic/Pipeline_Basic/Pipeline_Basic.srcs/sources_1/imports/CPE333_Lab3_Pipeline_basic/PC_REG.sv"/>
        <Attr Name="ImportTime" Val="1747720488"/>
        <Attr Name="UsedIn" Val="synthesis"/>
        <Attr Name="UsedIn" Val="implementation"/>
        <Attr Name="UsedIn" Val="simulation"/>
      </FileInfo>
    </File>
    <File Path="$PSRCDIR/sources_1/imports/CPE333_Lab3_Pipeline_basic/PIPELINED_OTTER_CPU.sv">
      <FileInfo>
        <Attr Name="ImportPath" Val="$PPRDIR/../../CPE333_Lab3_Pipeline_basic/CPE333_Lab3_Pipeline_basic/Pipeline_Basic/Pipeline_Basic.srcs/sources_1/imports/CPE333_Lab3_Pipeline_basic/PIPELINED_OTTER_CPU.sv"/>
        <Attr Name="ImportTime" Val="1747720488"/>
        <Attr Name="UsedIn" Val="synthesis"/>
        <Attr Name="UsedIn" Val="implementation"/>
        <Attr Name="UsedIn" Val="simulation"/>
      </FileInfo>
    </File>
    <File Path="$PSRCDIR/sources_1/imports/CPE333_Lab3_Pipeline_basic/REG_FILE.sv">
      <FileInfo>
        <Attr Name="ImportPath" Val="$PPRDIR/../../CPE333_Lab3_Pipeline_basic/CPE333_Lab3_Pipeline_basic/Pipeline_Basic/Pipeline_Basic.srcs/sources_1/imports/CPE333_Lab3_Pipeline_basic/REG_FILE.sv"/>
        <Attr Name="ImportTime" Val="1747720488"/>
        <Attr Name="UsedIn" Val="synthesis"/>
        <Attr Name="UsedIn" Val="implementation"/>
        <Attr Name="UsedIn" Val="simulation"/>
      </FileInfo>
    </File>
    <File Path="$PSRCDIR/sources_1/imports/CPE333_Lab3_Pipeline_basic/SevSegDisp.sv">
      <FileInfo>
        <Attr Name="ImportPath" Val="$PPRDIR/../../CPE333_Lab3_Pipeline_basic/CPE333_Lab3_Pipeline_basic/Pipeline_Basic/Pipeline_Basic.srcs/sources_1/imports/CPE333_Lab3_Pipeline_basic/SevSegDisp.sv"/>
        <Attr Name="ImportTime" Val="1747720488"/>
        <Attr Name="UsedIn" Val="synthesis"/>
        <Attr Name="UsedIn" Val="implementation"/>
        <Attr Name="UsedIn" Val="simulation"/>
      </FileInfo>
    </File>
    <File Path="$PSRCDIR/sources_1/new/ThreeMux.sv">
      <FileInfo>
        <Attr Name="ImportPath" Val="$PPRDIR/../CPE333_Lab4_Pipeline_Hazards.srcs/sources_1/new/ThreeMux.sv"/>
        <Attr Name="ImportTime" Val="1747770914"/>
        <Attr Name="UsedIn" Val="synthesis"/>
        <Attr Name="UsedIn" Val="implementation"/>
        <Attr Name="UsedIn" Val="simulation"/>
      </FileInfo>
    </File>
    <File Path="$PSRCDIR/sources_1/imports/CPE333_Lab3_Pipeline_basic/TwoMux.sv">
      <FileInfo>
        <Attr Name="ImportPath" Val="$PPRDIR/../../CPE333_Lab3_Pipeline_basic/CPE333_Lab3_Pipeline_basic/Pipeline_Basic/Pipeline_Basic.srcs/sources_1/imports/CPE333_Lab3_Pipeline_basic/TwoMux.sv"/>
        <Attr Name="ImportTime" Val="1747720488"/>
        <Attr Name="UsedIn" Val="synthesis"/>
        <Attr Name="UsedIn" Val="implementation"/>
        <Attr Name="UsedIn" Val="simulation"/>
      </FileInfo>
    </File>
    <File Path="$PSRCDIR/sources_1/imports/CPE333_Lab3_Pipeline_basic/dmem.sv">
      <FileInfo>
        <Attr Name="ImportPath" Val="$PPRDIR/../../CPE333_Lab3_Pipeline_basic/CPE333_Lab3_Pipeline_basic/Pipeline_Basic/Pipeline_Basic.srcs/sources_1/imports/CPE333_Lab3_Pipeline_basic/dmem.sv"/>
        <Attr Name="ImportTime" Val="1747720488"/>
        <Attr Name="UsedIn" Val="synthesis"/>
        <Attr Name="UsedIn" Val="implementation"/>
        <Attr Name="UsedIn" Val="simulation"/>
      </FileInfo>
    </File>
    <File Path="$PSRCDIR/sources_1/imports/CPE333_Lab3_Pipeline_basic/imem.sv">
      <FileInfo>
        <Attr Name="ImportPath" Val="$PPRDIR/../../CPE333_Lab3_Pipeline_basic/CPE333_Lab3_Pipeline_basic/Pipeline_Basic/Pipeline_Basic.srcs/sources_1/imports/CPE333_Lab3_Pipeline_basic/imem.sv"/>
        <Attr Name="ImportTime" Val="1747720488"/>
        <Attr Name="UsedIn" Val="synthesis"/>
        <Attr Name="UsedIn" Val="implementation"/>
        <Attr Name="UsedIn" Val="simulation"/>
      </FileInfo>
    </File>
    <File Path="$PSRCDIR/sources_1/imports/CPE333_Lab3_Pipeline_basic/OTTER_WRAPPER.sv">
      <FileInfo>
        <Attr Name="ImportPath" Val="$PPRDIR/../../CPE333_Lab3_Pipeline_basic/CPE333_Lab3_Pipeline_basic/Pipeline_Basic/Pipeline_Basic.srcs/sources_1/imports/CPE333_Lab3_Pipeline_basic/OTTER_WRAPPER.sv"/>
        <Attr Name="ImportTime" Val="1747720488"/>
        <Attr Name="UsedIn" Val="synthesis"/>
        <Attr Name="UsedIn" Val="implementation"/>
        <Attr Name="UsedIn" Val="simulation"/>
      </FileInfo>
    </File>
    <File Path="$PSRCDIR/sources_1/imports/CPE333_Lab3_Pipeline_basic/imem.mem">
      <FileInfo>
        <Attr Name="ImportPath" Val="$PPRDIR/../../CPE333_Lab3_Pipeline_basic/CPE333_Lab3_Pipeline_basic/Pipeline_Basic/Pipeline_Basic.srcs/sources_1/imports/CPE333_Lab3_Pipeline_basic/imem.mem"/>
        <Attr Name="ImportTime" Val="1747720488"/>
        <Attr Name="UsedIn" Val="synthesis"/>
        <Attr Name="UsedIn" Val="simulation"/>
      </FileInfo>
    </File>
    <File Path="$PSRCDIR/sources_1/new/dmem.mem">
      <FileInfo>
        <Attr Name="ImportPath" Val="$PPRDIR/../CPE333_Lab4_Pipeline_Hazards.srcs/sources_1/new/dmem.mem"/>
        <Attr Name="ImportTime" Val="1747770914"/>
        <Attr Name="UsedIn" Val="synthesis"/>
        <Attr Name="UsedIn" Val="simulation"/>
      </FileInfo>
    </File>
    <File Path="$PSRCDIR/sources_1/bd/design_1/design_1.bd">
      <FileInfo>
        <Attr Name="AutoDisabled" Val="1"/>
        <Attr Name="UsedIn" Val="synthesis"/>
        <Attr Name="UsedIn" Val="implementation"/>
        <Attr Name="UsedIn" Val="simulation"/>
      </FileInfo>
    </File>
    <Config>
      <Option Name="DesignMode" Val="RTL"/>
      <Option Name="TopModule" Val="OTTER_Wrapper"/>
      <Option Name="TopAutoSet" Val="TRUE"/>
    </Config>
  </FileSet>
  <FileSet Name="constrs_in" Type="Constrs" RelSrcDir="$PSRCDIR/constrs_1" RelGenDir="$PGENDIR/constrs_1">
    <Filter Type="Constrs"/>
    <File Path="$PSRCDIR/constrs_1/imports/Pipelined_Otter_Basic.srcs/Basys3_Master.xdc">
      <FileInfo>
        <Attr Name="ImportPath" Val="$PPRDIR/../../CPE333_Lab3_Pipeline_basic/CPE333_Lab3_Pipeline_basic/Pipeline_Basic/Pipeline_Basic.srcs/constrs_1/imports/Pipelined_Otter_Basic.srcs/Basys3_Master.xdc"/>
        <Attr Name="ImportTime" Val="1747720488"/>
        <Attr Name="UsedIn" Val="synthesis"/>
        <Attr Name="UsedIn" Val="implementation"/>
      </FileInfo>
    </File>
    <Config>
      <Option Name="ConstrsType" Val="XDC"/>
    </Config>
  </FileSet>
  <FileSet Name="utils" Type="Utils" RelSrcDir="$PSRCDIR/utils_1" RelGenDir="$PGENDIR/utils_1">
    <Filter Type="Utils"/>
    <Config>
      <Option Name="TopAutoSet" Val="TRUE"/>
    </Config>
  </FileSet>
  <Strategy Version="1" Minor="2">
    <StratHandle Name="Vivado Synthesis Defaults" Flow="Vivado Synthesis 2023"/>
    <Step Id="synth_design"/>
  </Strategy>
</GenRun>
